,Velocities [m/s],Voltages [V],Efficiency [%],Windings [-],Positions [mm],Trigger times [s]
0,20.657276995305164,793.6631857520922,0.1904717226133519,200,30,0.0052759999999999994
1,20.417633410672856,2.632382042295496,-399.3939008166001,150,14,0.009752
2,19.81981981981982,0.0,-inf,150,23,0.014128
3,18.032786885245905,0.0,-inf,100,32,0.018848
4,19.642857142857146,0.0,inf,100,32,0.02366
5,19.730941704035875,0.0,inf,100,35,0.028495999999999997
6,20.091324200913245,0.0,inf,100,38,0.033552
7,19.08893709327549,0.0,-inf,0,0,0.044792
