,Velocities [m/s],Voltages [V],Efficiency [%],Windings [-],Positions [mm],Trigger times [s]
0,inf,15.794292253772978,inf,200,30,0.069196
1,inf,15.794292253772978,,150,14,0.138396
2,inf,15.794292253772978,,150,23,0.207584
3,inf,15.794292253772978,,100,32,0.27677999999999997
4,inf,15.794292253772978,,100,32,0.345972
5,inf,16.20234604105572,,100,35,0.415172
6,inf,15.794292253772978,,100,38,0.48435999999999996
7,inf,15.794292253772978,,0,0,0.5535599999999999
