,Velocities [m/s],Voltages [V],Efficiency [%],Windings [-],Positions [mm],Trigger times [s]
0,inf,26.32382042295496,inf,200,30,0.069192
1,inf,0.0,,150,14,0.13838799999999998
2,inf,0.0,,150,23,0.20758
3,inf,0.0,,100,32,0.27677599999999997
4,inf,0.0,,100,32,0.345972
5,inf,0.0,,100,35,0.415164
6,inf,0.0,,100,38,0.48435999999999996
7,inf,0.0,,0,0,0.5535519999999999
