,Velocities [m/s],Voltages [V],Efficiency [%],Windings [-],Positions [mm],Trigger times [s]
0,21.00238663484487,788.3984216675011,0.19952744499023314,200,30,0.005892
1,20.46511627906977,2.632382042295496,-903.981950204514,150,14,0.010971999999999999
2,19.81981981981982,0.0,-inf,150,23,0.015924
3,18.21946169772257,0.0,-inf,100,32,0.021244
4,20.000000000000004,0.0,inf,100,32,0.026656
5,19.909502262443443,0.0,-inf,100,35,0.032096
6,20.229885057471265,0.0,inf,100,38,0.037767999999999996
7,19.00647948164147,0.0,-inf,0,0,0.050376
