,Velocities [m/s],Voltages [V],Efficiency [%],Windings [-],Positions [mm],Trigger times [s]
0,1.405077438927032,298.7753618005388,0.006218244497602225,200,30,0.058092
1,inf,0.0,inf,150,14,0.129612
2,inf,0.0,,150,23,0.19880799999999998
3,inf,0.0,,100,32,0.26799999999999996
4,inf,0.0,,100,32,0.337196
5,inf,0.0,,100,35,0.406396
6,inf,0.0,,100,38,0.47558399999999995
7,inf,0.0,,0,0,0.5447799999999999
