,Velocities [m/s],Voltages [V],Efficiency [%],Windings [-],Positions [mm],Trigger times [s]
0,inf,21.05905633836397,inf,200,30,0.069196
1,inf,0.0,,150,14,0.138392
2,inf,0.0,,150,23,0.20758
3,inf,0.0,,100,32,0.27677599999999997
4,inf,0.0,,100,32,0.345968
5,inf,0.0,,100,35,0.415168
6,inf,0.0,,100,38,0.48435599999999995
7,inf,0.0,,0,0,0.5535519999999999
