,Velocities [m/s],Voltages [V],Efficiency [%],Windings [-],Positions [mm],Trigger times [s]
0,21.103117505995204,800.2441408578309,0.195526246632093,100,0,0.005183999999999999
1,20.045558086560366,2.632382042295496,-1765.7110535956551,0,0,0.009656
2,20.60889929742389,0.0,inf,0,0,0.013828
3,17.670682730923698,0.0,-inf,0,0,0.018444
4,inf,0.0,inf,0,0,0.08764
5,inf,0.0,,0,0,0.156832
6,inf,0.0,,0,0,0.22602799999999998
7,inf,0.0,,0,0,0.29522
