,Velocities [m/s],Voltages [V],Efficiency [%],Windings [-],Positions [mm],Trigger times [s]
0,20.853080568720383,796.2955677943877,0.19281849146836738,250,17,0.005116

