,Velocities [m/s],Voltages [V],Efficiency [%],Windings [-],Positions [mm],Trigger times [s]
0,21.103117505995204,792.3469947309444,0.19944320271025165,250,19,0.004543999999999999

