,Velocities [m/s],Voltages [V],Efficiency [%],Windings [-],Positions [mm],Trigger times [s]
0,19.730941704035875,793.6631857520922,0.1737720763185498,250,21,0.004416

