,Velocities [m/s],Voltages [V],Efficiency [%],Windings [-],Positions [mm],Trigger times [s]
0,15.575221238938054,792.3469947309444,0.10864117495836151,200,23,0.00458
1,inf,2.632382042295496,inf,0,0,0.07377199999999999
2,inf,0.0,,0,0,0.14296
3,inf,0.0,,0,0,0.21215199999999998
4,inf,0.0,,0,0,0.281336
5,inf,0.0,,0,0,0.350532
6,inf,0.0,,0,0,0.419724
7,inf,0.0,,0,0,0.48890799999999995
