,Velocities [m/s],Voltages [V],Efficiency [%],Windings [-],Positions [mm],Trigger times [s]
0,inf,48.69906778246668,inf,150,32,0.069192
1,inf,50.01525880361443,,0,0,0.138384
2,inf,48.69906778246668,,0,0,0.207568
3,inf,48.69906778246668,,0,0,0.27676
4,inf,0.0,,0,0,0.345948
5,inf,0.0,,0,0,0.41513999999999995
6,inf,0.0,,0,0,0.484328
7,inf,0.0,,0,0,0.55352
