,Velocities [m/s],Voltages [V],Efficiency [%],Windings [-],Positions [mm],Trigger times [s]
0,inf,0.0,inf,150,32,0.069188
1,inf,0.0,,0,0,0.13838
2,inf,3.9485730634432445,,0,0,0.207564
3,inf,3.9485730634432445,,0,0,0.276756
4,inf,0.0,,0,0,0.34593999999999997
5,inf,0.0,,0,0,0.415136
6,inf,0.0,,0,0,0.48432
7,inf,0.0,,0,0,0.553512
