,Velocities [m/s],Voltages [V],Efficiency [%],Windings [-],Positions [mm],Trigger times [s]
0,inf,39.48573063443244,inf,150,32,0.069188
1,inf,10.529528169181985,,0,0,0.138376
2,inf,13.16191021147748,,0,0,0.207564
3,inf,11.845719190329733,,0,0,0.276756
4,inf,0.0,,0,0,0.34593999999999997
5,inf,0.0,,0,0,0.415136
6,inf,0.0,,0,0,0.484328
7,inf,0.0,,0,0,0.553512
